ENTIDAD,NOM_ENT,ENT,DIV,YEAR,REGION
1,Aguascalientes,AGU,0.568656565,2020,Centro
1,Aguascalientes,AGU,0.81,2015,Centro
1,Aguascalientes,AGU,1.181873943,2000,Centro
1,Aguascalientes,AGU,1.886770613,1995,Centro
1,Aguascalientes,AGU,2.016748683,2010,Centro
1,Aguascalientes,AGU,2.374351145,2005,Centro
1,Aguascalientes,AGU,4.029893031,1990,Centro
2,Baja California,BCN,2.247970288,2020,Norte
2,Baja California,BCN,2.82,2015,Norte
2,Baja California,BCN,4.673241129,2010,Norte
2,Baja California,BCN,5.361501101,2005,Norte
2,Baja California,BCN,5.95784256,2000,Norte
2,Baja California,BCN,12.68097725,1995,Norte
2,Baja California,BCN,18.0924611,1990,Norte
3,Baja California Sur,BCS,5.278216172,2020,Norte
3,Baja California Sur,BCS,6.28569253,2000,Norte
3,Baja California Sur,BCS,7.13,2015,Norte
3,Baja California Sur,BCS,9.422609286,1995,Norte
3,Baja California Sur,BCS,10.39442749,1990,Norte
3,Baja California Sur,BCS,11.76605007,2010,Norte
3,Baja California Sur,BCS,12.63685326,2005,Norte
4,Campeche,CAM,4.105016669,2020,Sur
4,Campeche,CAM,6.49,2015,Sur
4,Campeche,CAM,13.54756963,2000,Sur
4,Campeche,CAM,14.42826878,2005,Sur
4,Campeche,CAM,14.89661299,2010,Sur
4,Campeche,CAM,20.97166993,1995,Sur
4,Campeche,CAM,27.84262509,1990,Sur
5,Coahuila de Zaragoza,COA,1.014534075,2020,Norte
5,Coahuila de Zaragoza,COA,1.66,2015,Norte
5,Coahuila de Zaragoza,COA,2.238197244,2000,Norte
5,Coahuila de Zaragoza,COA,3.198314219,2010,Norte
5,Coahuila de Zaragoza,COA,3.901917851,2005,Norte
5,Coahuila de Zaragoza,COA,5.562294621,1995,Norte
5,Coahuila de Zaragoza,COA,7.82129476,1990,Norte
6,Colima,COL,0.754302386,2020,Occidente/Oriente
6,Colima,COL,0.96,2015,Occidente/Oriente
6,Colima,COL,2.066550177,2000,Occidente/Oriente
6,Colima,COL,2.640457019,2010,Occidente/Oriente
6,Colima,COL,2.803826019,2005,Occidente/Oriente
6,Colima,COL,4.277658602,1995,Occidente/Oriente
6,Colima,COL,6.618030803,1990,Occidente/Oriente
7,Chiapas,CHP,10.08000422,2020,Sur
7,Chiapas,CHP,13.43,2015,Sur
7,Chiapas,CHP,22.87060044,2000,Sur
7,Chiapas,CHP,26.03835683,2010,Sur
7,Chiapas,CHP,27.21777318,2005,Sur
7,Chiapas,CHP,32.76641357,1995,Sur
7,Chiapas,CHP,40.32958156,1990,Sur
8,Chihuahua,CHH,1.594219594,2020,Norte
8,Chihuahua,CHH,2.34,2015,Norte
8,Chihuahua,CHH,5.071119764,2010,Norte
8,Chihuahua,CHH,5.169987516,2000,Norte
8,Chihuahua,CHH,6.105001666,2005,Norte
8,Chihuahua,CHH,7.740427269,1995,Norte
8,Chihuahua,CHH,11.51254021,1990,Norte
9,CDMX,CMX,1.1,2015,Centro
9,CDMX,CMX,1.113676053,2020,Centro
9,CDMX,CMX,1.315279557,2000,Centro
9,CDMX,CMX,1.826958769,2005,Centro
9,CDMX,CMX,2.021037409,1995,Centro
9,CDMX,CMX,2.439487987,2010,Centro
9,CDMX,CMX,3.039541908,1990,Centro
10,Durango,DUR,2.036525279,2020,Norte
10,Durango,DUR,3.26,2015,Norte
10,Durango,DUR,6.064147833,2000,Norte
10,Durango,DUR,7.058732003,2010,Norte
10,Durango,DUR,8.488091052,2005,Norte
10,Durango,DUR,9.544586401,1995,Norte
10,Durango,DUR,14.19229,1990,Norte
11,Guanajuato,GUA,2.774007235,2020,Centro
11,Guanajuato,GUA,4.13,2015,Centro
11,Guanajuato,GUA,6.361510587,2000,Centro
11,Guanajuato,GUA,7.216871411,2005,Centro
11,Guanajuato,GUA,8.045804612,2010,Centro
11,Guanajuato,GUA,10.32296863,1995,Centro
11,Guanajuato,GUA,16.03752851,1990,Centro
12,Guerrero,GRO,11.82249265,2020,Sur
12,Guerrero,GRO,15.62,2015,Sur
12,Guerrero,GRO,27.07165853,2000,Sur
12,Guerrero,GRO,33.26837393,1995,Sur
12,Guerrero,GRO,34.48256696,2005,Sur
12,Guerrero,GRO,37.74263254,2010,Sur
12,Guerrero,GRO,40.76704823,1990,Sur
13,Hidalgo,HID,4.018222213,2020,Occidente/Oriente
13,Hidalgo,HID,5.82,2015,Occidente/Oriente
13,Hidalgo,HID,12.71725237,2010,Occidente/Oriente
13,Hidalgo,HID,13.85966106,2005,Occidente/Oriente
13,Hidalgo,HID,13.9832815,2000,Occidente/Oriente
13,Hidalgo,HID,19.52844109,1995,Occidente/Oriente
13,Hidalgo,HID,28.71999281,1990,Occidente/Oriente
14,Jalisco,JAL,0.738842686,2020,Occidente/Oriente
14,Jalisco,JAL,1.83,2015,Occidente/Oriente
14,Jalisco,JAL,5.339809057,2010,Occidente/Oriente
14,Jalisco,JAL,6.187216169,2000,Occidente/Oriente
14,Jalisco,JAL,6.300783331,2005,Occidente/Oriente
14,Jalisco,JAL,8.050939717,1995,Occidente/Oriente
14,Jalisco,JAL,12.6507202,1990,Occidente/Oriente
15,EDOMEX,MEX,2.751490723,2020,Centro
15,EDOMEX,MEX,4.02,2015,Centro
15,EDOMEX,MEX,5.33400857,2000,Centro
15,EDOMEX,MEX,6.443247956,2005,Centro
15,EDOMEX,MEX,7.726415133,1995,Centro
15,EDOMEX,MEX,7.805092526,2010,Centro
15,EDOMEX,MEX,14.09720584,1990,Centro
16,Michoacan,MIC,2.799503019,2020,Occidente/Oriente
16,Michoacan,MIC,4.25,2015,Occidente/Oriente
16,Michoacan,MIC,9.895202085,2000,Occidente/Oriente
16,Michoacan,MIC,11.05037279,2005,Occidente/Oriente
16,Michoacan,MIC,11.82490648,2010,Occidente/Oriente
16,Michoacan,MIC,12.87024271,1995,Occidente/Oriente
16,Michoacan,MIC,19.66978998,1990,Occidente/Oriente
17,Morelos,MOR,4.218017964,2020,Centro
17,Morelos,MOR,5.81,2015,Centro
17,Morelos,MOR,6.535686082,2000,Centro
17,Morelos,MOR,9.196349702,1995,Centro
17,Morelos,MOR,9.889741821,2005,Centro
17,Morelos,MOR,10.9872301,1990,Centro
17,Morelos,MOR,12.38684396,2010,Centro
18,Nayarit,NAY,2.647566614,2020,Occidente/Oriente
18,Nayarit,NAY,4.36,2015,Occidente/Oriente
18,Nayarit,NAY,8.723085812,2000,Occidente/Oriente
18,Nayarit,NAY,9.914704739,2005,Occidente/Oriente
18,Nayarit,NAY,11.67971456,2010,Occidente/Oriente
18,Nayarit,NAY,12.85151038,1995,Occidente/Oriente
18,Nayarit,NAY,15.66581463,1990,Occidente/Oriente
19,Nuevo Leon,NLE,0.782830276,2020,Norte
19,Nuevo Leon,NLE,1.36,2015,Norte
19,Nuevo Leon,NLE,3.082072749,2010,Norte
19,Nuevo Leon,NLE,3.79185823,2000,Norte
19,Nuevo Leon,NLE,4.370233186,2005,Norte
19,Nuevo Leon,NLE,5.595756102,1995,Norte
19,Nuevo Leon,NLE,6.67504176,1990,Norte
20,Oaxaca,OAX,9.903939437,2020,Sur
20,Oaxaca,OAX,12.82,2015,Sur
20,Oaxaca,OAX,25.07484292,2000,Sur
20,Oaxaca,OAX,28.04196031,2005,Sur
20,Oaxaca,OAX,30.0973492,2010,Sur
20,Oaxaca,OAX,31.60098647,1995,Sur
20,Oaxaca,OAX,40.83198152,1990,Sur
21,Puebla,PUE,4.592176047,2020,Occidente/Oriente
21,Puebla,PUE,6.92,2015,Occidente/Oriente
21,Puebla,PUE,14.41430702,2000,Occidente/Oriente
21,Puebla,PUE,15.1466289,2005,Occidente/Oriente
21,Puebla,PUE,16.16563738,2010,Occidente/Oriente
21,Puebla,PUE,20.2826292,1995,Occidente/Oriente
21,Puebla,PUE,27.77262966,1990,Occidente/Oriente
22,Queretaro,QUE,2.16370118,2020,Centro
22,Queretaro,QUE,3.23,2015,Centro
22,Queretaro,QUE,8.065247143,2010,Centro
22,Queretaro,QUE,9.07368462,2005,Centro
22,Queretaro,QUE,6.037058774,2000,Centro
22,Queretaro,QUE,9.788978436,1995,Centro
22,Queretaro,QUE,15.47637934,1990,Centro
23,Quintana Roo,ROO,1.802829001,2020,Sur
23,Quintana Roo,ROO,2.7,2015,Sur
23,Quintana Roo,ROO,5.328908202,2000,Sur
23,Quintana Roo,ROO,5.416074641,2005,Sur
23,Quintana Roo,ROO,8.162427768,2010,Sur
23,Quintana Roo,ROO,10.17639334,1990,Sur
23,Quintana Roo,ROO,10.97641411,1995,Sur
24,San Luis Potosi,SLP,7.723190461,2020,Centro
24,San Luis Potosi,SLP,10.67,2015,Centro
24,San Luis Potosi,SLP,16.79436087,2010,Centro
24,San Luis Potosi,SLP,17.39248189,2005,Centro
24,San Luis Potosi,SLP,18.96640617,2000,Centro
24,San Luis Potosi,SLP,24.34238345,1995,Centro
24,San Luis Potosi,SLP,31.99404957,1990,Centro
25,Sinaloa,SIN,1.551431296,2020,Norte
25,Sinaloa,SIN,2.99,2015,Norte
25,Sinaloa,SIN,6.693498872,2000,Norte
25,Sinaloa,SIN,9.21970242,2005,Norte
25,Sinaloa,SIN,9.612654234,2010,Norte
25,Sinaloa,SIN,11.71178767,1995,Norte
25,Sinaloa,SIN,18.85192188,1990,Norte
26,Sonora,SON,1.479249254,2020,Norte
26,Sonora,SON,2.5,2015,Norte
26,Sonora,SON,3.547591506,2000,Norte
26,Sonora,SON,5.550485497,2010,Norte
26,Sonora,SON,5.624028832,2005,Norte
26,Sonora,SON,6.266459913,1995,Norte
26,Sonora,SON,8.716317502,1990,Norte
27,Tabasco,TAB,6.278295362,2020,Sur
27,Tabasco,TAB,10.09,2015,Sur
27,Tabasco,TAB,24.051526,2000,Sur
27,Tabasco,TAB,24.22847432,2005,Sur
27,Tabasco,TAB,26.10505192,2010,Sur
27,Tabasco,TAB,32.0833603,1995,Sur
27,Tabasco,TAB,40.07888858,1990,Sur
28,Tamaulipas,TAM,1.83665764,2020,Norte
28,Tamaulipas,TAM,2.5,2015,Norte
28,Tamaulipas,TAM,4.835852594,2010,Norte
28,Tamaulipas,TAM,4.961100181,2000,Norte
28,Tamaulipas,TAM,5.789501697,2005,Norte
28,Tamaulipas,TAM,10.87474972,1995,Norte
28,Tamaulipas,TAM,17.84168964,1990,Norte
29,Tlaxcala,TLA,1.020045798,2020,Occidente/Oriente
29,Tlaxcala,TLA,1.14,2015,Occidente/Oriente
29,Tlaxcala,TLA,2.426570406,2000,Occidente/Oriente
29,Tlaxcala,TLA,3.449189973,2005,Occidente/Oriente
29,Tlaxcala,TLA,4.356585335,2010,Occidente/Oriente
29,Tlaxcala,TLA,4.582676157,1995,Occidente/Oriente
29,Tlaxcala,TLA,9.187878611,1990,Occidente/Oriente
30,Veracruz de Ignacio de la Llave,VER,8.844160058,2020,Occidente/Oriente
30,Veracruz de Ignacio de la Llave,VER,13.38,2015,Occidente/Oriente
30,Veracruz de Ignacio de la Llave,VER,23.60881514,2010,Occidente/Oriente
30,Veracruz de Ignacio de la Llave,VER,25.73538841,2005,Occidente/Oriente
30,Veracruz-Llave,VER,26.90344485,2000,Occidente/Oriente
30,Veracruz-Llave,VER,35.20519568,1995,Occidente/Oriente
30,Veracruz-Llave,VER,38.95019426,1990,Occidente/Oriente
31,Yucatan,YUC,1.231842173,2020,Sur
31,Yucatan,YUC,1.64,2015,Sur
31,Yucatan,YUC,5.517127603,2010,Sur
31,Yucatan,YUC,5.559633912,2000,Sur
31,Yucatan,YUC,6.233620668,2005,Sur
31,Yucatan,YUC,14.05037028,1995,Sur
31,Yucatan,YUC,27.70338321,1990,Sur
32,Zacatecas,ZAC,1.893563728,2020,Centro
32,Zacatecas,ZAC,3.13,2015,Centro
32,Zacatecas,ZAC,7.666644117,2005,Centro
32,Zacatecas,ZAC,8.297331094,2010,Centro
32,Zacatecas,ZAC,10.35024344,2000,Centro
32,Zacatecas,ZAC,16.39348465,1995,Centro
32,Zacatecas,ZAC,23.86522558,1990,Centro